direct or enc-dec,sample id,model name,baseline perf,baseline variance,n baseline,non-baseline perf,non-baseline variance,n non-baseline,all perf,all variance,n all
direct,HumanEval/0,openrouter/openai/gpt-5-nano,1,0,16,1,0,15,1,0,31
direct,HumanEval/0,openrouter/xiaomi/mimo-v2-flash,1,0,2,1,0,2,1,0,4
direct,HumanEval/1,openrouter/openai/gpt-5-nano,1,0,16,1,0,24,1,0,40
direct,HumanEval/1,openrouter/xiaomi/mimo-v2-flash,1,0,2,0.964285714286,0.0344387755102,28,0.966666666667,0.0322222222222,30
direct,HumanEval/2,openrouter/openai/gpt-5-nano,0.989496130153,9.45696700785e-05,13,0.981861738535,0.00207277183031,12,0.985831622177,0.00105865437726,25
direct,HumanEval/2,openrouter/xiaomi/mimo-v2-flash,1,0,2,1,0,2,1,0,4
direct,HumanEval/3,openrouter/openai/gpt-5-nano,1,0,13,1,0,12,1,0,25
direct,HumanEval/3,openrouter/xiaomi/mimo-v2-flash,1,0,2,1,0,2,1,0,4
direct,HumanEval/4,openrouter/openai/gpt-5-nano,1,0,13,0.833333333333,0.138888888889,12,0.92,0.0736,25
direct,HumanEval/4,openrouter/xiaomi/mimo-v2-flash,1,0,2,1,0,2,1,0,4
direct,HumanEval/5,openrouter/openai/gpt-5-nano,1,0,13,1,0,12,1,0,25
direct,HumanEval/5,openrouter/xiaomi/mimo-v2-flash,1,0,2,1,0,2,1,0,4
direct,HumanEval/6,openrouter/openai/gpt-5-nano,1,0,7,1,0,10,1,0,17
direct,HumanEval/7,openrouter/openai/gpt-5-nano,1,0,7,1,0,10,1,0,17
direct,HumanEval/8,openrouter/openai/gpt-5-nano,1,0,17,1,0,35,1,0,52
direct,HumanEval/8,openrouter/xiaomi/mimo-v2-flash,1,0,2,1,0,13,1,0,15
direct,HumanEval/9,openrouter/openai/gpt-5-nano,1,0,6,1,0,10,1,0,16
direct,HumanEval/10,openrouter/openai/gpt-5-nano,0.839580062794,0.0964151940513,13,0.916666666667,0.0763888888889,12,0.876581632653,0.0882857767597,25
direct,HumanEval/10,openrouter/xiaomi/mimo-v2-flash,1,0,2,1,0,2,1,0,4
direct,HumanEval/11,openrouter/openai/gpt-5-nano,1,0,6,1,0,10,1,0,16
direct,HumanEval/12,openrouter/openai/gpt-5-nano,1,0,6,1,0,10,1,0,16
direct,HumanEval/13,openrouter/openai/gpt-5-nano,1,0,6,1,0,10,1,0,16
direct,HumanEval/16,openrouter/openai/gpt-5-nano,1,0,6,1,0,10,1,0,16
direct,HumanEval/17,openrouter/openai/gpt-5-nano,1,0,6,1,0,10,1,0,16
direct,HumanEval/18,openrouter/openai/gpt-5-nano,1,0,6,1,0,10,1,0,16
direct,HumanEval/19,openrouter/openai/gpt-5-nano,1,0,13,1,0,12,1,0,25
direct,HumanEval/19,openrouter/xiaomi/mimo-v2-flash,1,0,2,1,0,2,1,0,4
direct,HumanEval/20,openrouter/openai/gpt-5-nano,1,0,6,1,0,10,1,0,16
direct,HumanEval/21,openrouter/openai/gpt-5-nano,0.432270916335,0,13,0.360225763612,0.025952520154,12,0.397689243028,0.01375275948,25
direct,HumanEval/21,openrouter/xiaomi/mimo-v2-flash,0.432270916335,0,2,0.432270916335,0,2,0.432270916335,0,4
direct,HumanEval/22,openrouter/openai/gpt-5-nano,0.839716768587,0.00214089285601,13,0.971059972106,0.00418762607253,12,0.902761506276,0.00742918366275,25
direct,HumanEval/22,openrouter/xiaomi/mimo-v2-flash,0.826359832636,0,2,0.826359832636,0,2,0.826359832636,0,4
direct,HumanEval/23,openrouter/openai/gpt-5-nano,1,0,6,1,0,10,1,0,16
direct,HumanEval/24,openrouter/openai/gpt-5-nano,1,0,7,1,0,10,1,0,17
direct,HumanEval/25,openrouter/openai/gpt-5-nano,1,0,14,0.95,0.0475,20,0.970588235294,0.0285467128028,34
direct,HumanEval/25,openrouter/xiaomi/mimo-v2-flash,1,0,2,1,0,28,1,0,30
direct,HumanEval/26,openrouter/openai/gpt-5-nano,1,0,6,1,0,10,1,0,16
direct,HumanEval/27,openrouter/openai/gpt-5-nano,0.833333333333,0.138888888889,6,1,0,10,0.9375,0.05859375,16
direct,HumanEval/28,openrouter/openai/gpt-5-nano,1,0,7,0.8,0.16,10,0.882352941176,0.103806228374,17
direct,HumanEval/29,openrouter/openai/gpt-5-nano,1,0,13,0.489061456246,0.125680629518,12,0.754749498998,0.125486827764,25
direct,HumanEval/29,openrouter/xiaomi/mimo-v2-flash,1,0,2,1,0,2,1,0,4
direct,HumanEval/30,openrouter/openai/gpt-5-nano,1,0,14,0.999500998004,2.73903291222e-06,12,0.999769691386,1.32605143679e-06,26
direct,HumanEval/30,openrouter/xiaomi/mimo-v2-flash,1,0,2,1,0,2,1,0,4
direct,HumanEval/31,openrouter/openai/gpt-5-nano,1,0,6,1,0,10,1,0,16
direct,HumanEval/33,openrouter/openai/gpt-5-nano,1,0,6,1,0,10,1,0,16
direct,HumanEval/34,openrouter/openai/gpt-5-nano,1,0,6,0.999889380531,1.10130002349e-07,10,0.999930862832,7.16992202796e-08,16
direct,HumanEval/35,openrouter/openai/gpt-5-nano,1,0,6,1,0,10,1,0,16
direct,HumanEval/36,openrouter/openai/gpt-5-nano,1,0,6,1,0,10,1,0,16
direct,HumanEval/37,openrouter/openai/gpt-5-nano,1,0,6,1,0,10,1,0,16
direct,HumanEval/38,openrouter/openai/gpt-5-nano,0.928571428571,0.0663265306122,14,0.802547770701,0.155949531421,20,0.854439865118,0.122892784943,34
direct,HumanEval/38,openrouter/xiaomi/mimo-v2-flash,1,0,2,1,0,28,1,0,30
direct,HumanEval/39,openrouter/openai/gpt-5-nano,0.666666666667,0.222222222222,6,0.9,0.09,10,0.8125,0.15234375,16
direct,HumanEval/40,openrouter/openai/gpt-5-nano,1,0,13,0.916666666667,0.0763888888889,12,0.96,0.0384,25
direct,HumanEval/40,openrouter/xiaomi/mimo-v2-flash,0.950910931174,7.40157189923e-05,2,1,0,2,0.975455465587,0.000639442029045,4
direct,HumanEval/41,openrouter/openai/gpt-5-nano,1,0,6,0.9,0.09,10,0.9375,0.05859375,16
direct,HumanEval/42,openrouter/openai/gpt-5-nano,1,0,6,1,0,10,1,0,16
direct,HumanEval/43,openrouter/openai/gpt-5-nano,1,0,6,0.9997965412,1.65581932527e-07,10,0.99987283825,1.13190774189e-07,16
direct,HumanEval/44,openrouter/openai/gpt-5-nano,1,0,6,1,0,10,1,0,16
direct,HumanEval/45,openrouter/openai/gpt-5-nano,1,0,6,1,0,10,1,0,16
direct,HumanEval/46,openrouter/openai/gpt-5-nano,1,0,13,0.952272727273,0.0432799586777,20,0.971074380165,0.0267741274503,33
direct,HumanEval/46,openrouter/xiaomi/mimo-v2-flash,1,0,2,1,0,28,1,0,30
direct,HumanEval/47,openrouter/openai/gpt-5-nano,0.923076923077,0.0710059171598,13,0.833333333333,0.138888888889,12,0.88,0.1056,25
direct,HumanEval/47,openrouter/xiaomi/mimo-v2-flash,1,0,2,1,0,2,1,0,4
direct,HumanEval/48,openrouter/openai/gpt-5-nano,0.380904522613,0.232194913493,13,0.831323283082,0.138263315461,12,0.597105527638,0.237745860559,25
direct,HumanEval/48,openrouter/xiaomi/mimo-v2-flash,1,0,2,1,0,2,1,0,4
direct,HumanEval/49,openrouter/openai/gpt-5-nano,0.833333333333,0.138888888889,6,0.999696663296,2.14697363619e-07,10,0.93731041456,0.0585702075715,16
direct,HumanEval/50,openrouter/openai/gpt-5-nano,1,0,6,0.782272727273,0.0474051652893,10,0.863920454545,0.0407388139205,16
direct,HumanEval/51,openrouter/openai/gpt-5-nano,1,0,13,1,0,12,1,0,25
direct,HumanEval/51,openrouter/xiaomi/mimo-v2-flash,1,0,2,1,0,2,1,0,4
direct,HumanEval/52,openrouter/openai/gpt-5-nano,1,0,6,0.7,0.21,10,0.8125,0.15234375,16
direct,HumanEval/53,openrouter/openai/gpt-5-nano,1,0,7,0.8,0.16,10,0.882352941176,0.103806228374,17
direct,HumanEval/54,openrouter/openai/gpt-5-nano,0.888056277718,0.00104428307986,13,0.915109343936,0.00308846720868,20,0.904452075426,0.00245791697048,33
direct,HumanEval/54,openrouter/xiaomi/mimo-v2-flash,0.939363817097,0.003676746677,2,0.943694973019,0.00365798776538,28,0.943406229291,0.00366040558065,30
direct,HumanEval/55,openrouter/openai/gpt-5-nano,0.955555555556,0,13,0.962222222222,0.000251851851852,20,0.959595959596,0.000163248648097,33
direct,HumanEval/55,openrouter/xiaomi/mimo-v2-flash,0.977777777778,0.000493827160494,2,0.980952380952,0.000483749055178,28,0.980740740741,0.000485048010974,30
direct,HumanEval/56,openrouter/openai/gpt-5-nano,1,0,6,1,0,10,1,0,16
direct,HumanEval/57,openrouter/openai/gpt-5-nano,1,0,6,1,0,10,1,0,16
direct,HumanEval/58,openrouter/openai/gpt-5-nano,1,0,7,1,0,10,1,0,17
direct,HumanEval/59,openrouter/openai/gpt-5-nano,1,0,6,1,0,10,1,0,16
direct,HumanEval/60,openrouter/openai/gpt-5-nano,1,0,14,1,0,12,1,0,26
direct,HumanEval/60,openrouter/xiaomi/mimo-v2-flash,1,0,2,1,0,2,1,0,4
direct,HumanEval/61,openrouter/openai/gpt-5-nano,1,0,13,1,0,12,1,0,25
direct,HumanEval/61,openrouter/xiaomi/mimo-v2-flash,1,0,2,1,0,2,1,0,4
direct,HumanEval/62,openrouter/openai/gpt-5-nano,1,0,14,0.999650227352,6.11704525671e-07,12,0.99983856647,3.12729414308e-07,26
direct,HumanEval/62,openrouter/xiaomi/mimo-v2-flash,0.998950682057,1.10106814621e-06,2,1,0,2,0.999475341028,8.25801109657e-07,4
direct,HumanEval/63,openrouter/openai/gpt-5-nano,1,0,6,1,0,10,1,0,16
direct,HumanEval/64,openrouter/openai/gpt-5-nano,0.923076923077,0.0710059171598,13,0.803470136803,0.138744405622,12,0.865665665666,0.107091115139,25
direct,HumanEval/64,openrouter/xiaomi/mimo-v2-flash,1,0,2,1,0,2,1,0,4
direct,HumanEval/65,openrouter/openai/gpt-5-nano,0.991315675206,1.25695828539e-05,14,0.917231704466,0.0398944180378,26,0.943161094225,0.0271843899775,40
direct,HumanEval/65,openrouter/xiaomi/mimo-v2-flash,1,0,2,0.964432357489,0.0193294997541,19,0.967819752014,0.0175976022115,21
direct,HumanEval/66,openrouter/openai/gpt-5-nano,1,0,13,1,0,12,1,0,25
direct,HumanEval/66,openrouter/xiaomi/mimo-v2-flash,1,0,2,1,0,2,1,0,4
direct,HumanEval/67,openrouter/openai/gpt-5-nano,1,0,13,1,0,12,1,0,25
direct,HumanEval/67,openrouter/xiaomi/mimo-v2-flash,1,0,2,0.554755043228,0.198243071531,2,0.777377521614,0.148682303648,4
direct,HumanEval/68,openrouter/openai/gpt-5-nano,1,0,6,0.999602780536,2.36674953577e-07,10,0.999751737835,1.84902307482e-07,16
direct,HumanEval/69,openrouter/openai/gpt-5-nano,1,0,13,1,0,12,1,0,25
direct,HumanEval/69,openrouter/xiaomi/mimo-v2-flash,1,0,2,1,0,2,1,0,4
direct,HumanEval/70,openrouter/openai/gpt-5-nano,1,0,6,0.9,0.09,10,0.9375,0.05859375,16
direct,HumanEval/71,openrouter/openai/gpt-5-nano,1,0,6,1,0,10,1,0,16
direct,HumanEval/72,openrouter/openai/gpt-5-nano,1,0,13,1,0,12,1,0,25
direct,HumanEval/72,openrouter/xiaomi/mimo-v2-flash,1,0,2,1,0,2,1,0,4
direct,HumanEval/73,openrouter/openai/gpt-5-nano,1,0,14,0.916666666667,0.0763888888889,12,0.961538461538,0.0369822485207,26
direct,HumanEval/73,openrouter/xiaomi/mimo-v2-flash,1,0,2,1,0,2,1,0,4
direct,HumanEval/74,openrouter/openai/gpt-5-nano,1,0,6,0.883654822335,0.0891354479631,10,0.927284263959,0.0588822019377,16
direct,HumanEval/75,openrouter/openai/gpt-5-nano,1,0,6,1,0,10,1,0,16
direct,HumanEval/76,openrouter/openai/gpt-5-nano,0.690010211028,0.211607392349,13,0.796128318584,0.158503027351,20,0.754324215607,0.182111517984,33
direct,HumanEval/76,openrouter/xiaomi/mimo-v2-flash,0.497787610619,0.247792505286,2,0.959979456384,0.0341332256249,28,0.929166666667,0.0616691697449,30
direct,HumanEval/77,openrouter/openai/gpt-5-nano,0.761178861789,0.140868737193,6,0.913414634146,0.02998810232,10,0.856326219512,0.0770001522066,16
direct,HumanEval/78,openrouter/openai/gpt-5-nano,1,0,6,0.999205561072,9.46699814309e-07,10,0.99950347567,7.39609229929e-07,16
direct,HumanEval/79,openrouter/openai/gpt-5-nano,1,0,13,0.961538461538,0.0369822485207,26,0.974358974359,0.0249835634451,39
direct,HumanEval/79,openrouter/xiaomi/mimo-v2-flash,1,0,2,1,0,17,1,0,19
direct,HumanEval/80,openrouter/openai/gpt-5-nano,1,0,6,1,0,10,1,0,16
direct,HumanEval/81,openrouter/openai/gpt-5-nano,0.570347147882,0.193778931222,13,0.686744398474,0.168314392948,37,0.65648111332,0.177541869657,50
direct,HumanEval/81,openrouter/xiaomi/mimo-v2-flash,1,0,2,1,0,23,1,0,25
direct,HumanEval/82,openrouter/openai/gpt-5-nano,1,0,6,1,0,10,1,0,16
direct,HumanEval/84,openrouter/openai/gpt-5-nano,1,0,6,1,0,10,1,0,16
direct,HumanEval/85,openrouter/openai/gpt-5-nano,1,0,6,1,0,10,1,0,16
direct,HumanEval/86,openrouter/openai/gpt-5-nano,0.987077534791,0.000834950535356,6,0.9,0.09,10,0.932654075547,0.0583402542004,16
direct,HumanEval/87,openrouter/openai/gpt-5-nano,1,0,6,1,0,10,1,0,16
direct,HumanEval/88,openrouter/openai/gpt-5-nano,1,0,6,1,0,10,1,0,16
direct,HumanEval/89,openrouter/openai/gpt-5-nano,1,0,13,1,0,20,1,0,33
direct,HumanEval/89,openrouter/xiaomi/mimo-v2-flash,1,0,2,0.928642643498,0.0661943402503,28,0.933399800598,0.062098211845,30
direct,HumanEval/90,openrouter/openai/gpt-5-nano,1,0,13,0.9915356711,0.000528807327466,12,0.995937122128,0.000271710075169,25
direct,HumanEval/90,openrouter/xiaomi/mimo-v2-flash,1,0,2,1,0,2,1,0,4
direct,HumanEval/91,openrouter/openai/gpt-5-nano,0.999005964215,0,13,0.990888005302,0.000724913826078,12,0.995109343936,0.000364407590244,25
direct,HumanEval/91,openrouter/xiaomi/mimo-v2-flash,0.999502982107,2.47026785608e-07,2,0.5,0.25,2,0.749751491054,0.187375930797,4
direct,HumanEval/92,openrouter/openai/gpt-5-nano,1,0,6,1,0,10,1,0,16
direct,HumanEval/93,openrouter/openai/gpt-5-nano,0.835986733002,0.134501758757,6,0.611144278607,0.226984242964,10,0.695460199005,0.204151935441,16
direct,HumanEval/94,openrouter/openai/gpt-5-nano,1,0,13,1,0,12,1,0,25
direct,HumanEval/94,openrouter/xiaomi/mimo-v2-flash,1,0,2,1,0,2,1,0,4
direct,HumanEval/95,openrouter/openai/gpt-5-nano,0.962283840191,0.000258637947409,13,0.833010335917,0.106932947573,30,0.872093023256,0.0782074743943,43
direct,HumanEval/95,openrouter/xiaomi/mimo-v2-flash,1,0,2,0.973145071982,0.00937543306488,14,0.976501937984,0.00828238377727,16
direct,HumanEval/96,openrouter/openai/gpt-5-nano,1,0,6,1,0,10,1,0,16
direct,HumanEval/97,openrouter/openai/gpt-5-nano,1,0,6,1,0,10,1,0,16
direct,HumanEval/98,openrouter/openai/gpt-5-nano,1,0,6,1,0,10,1,0,16
direct,HumanEval/99,openrouter/openai/gpt-5-nano,0.999138116785,8.91411211195e-06,13,0.99062049062,0.00281520627841,33,0.993027645841,0.00203683256171,46
direct,HumanEval/99,openrouter/xiaomi/mimo-v2-flash,1,0,2,0.929807217004,0.0267347728833,17,0.937195931004,0.0243846275678,19
direct,HumanEval/101,openrouter/openai/gpt-5-nano,1,0,6,1,0,10,1,0,16
direct,HumanEval/102,openrouter/openai/gpt-5-nano,0.925991902834,0.0301245914537,13,0.942273684211,0.0244370685873,25,0.936703601108,0.0264424651438,38
direct,HumanEval/102,openrouter/xiaomi/mimo-v2-flash,0.518947368421,0,2,0.946549707602,0.0228554700592,18,0.903789473684,0.0370258614958,20
direct,HumanEval/103,openrouter/openai/gpt-5-nano,0.99036437247,0.00111414381485,13,0.941140350877,0.0164626885195,12,0.966736842105,0.00908622714681,25
direct,HumanEval/103,openrouter/xiaomi/mimo-v2-flash,0.749473684211,0.062763434903,2,0.937368421053,0.00392271468144,2,0.843421052632,0.0421691828255,4
direct,HumanEval/104,openrouter/openai/gpt-5-nano,1,0,6,1,0,10,1,0,16
direct,HumanEval/105,openrouter/openai/gpt-5-nano,1,0,6,1,0,10,1,0,16
direct,HumanEval/106,openrouter/openai/gpt-5-nano,0.839743589744,0.128410585141,6,0.903846153846,0.0832100591716,10,0.879807692308,0.101123335799,16
direct,HumanEval/107,openrouter/openai/gpt-5-nano,0.906976744186,0.00432666306111,6,0.972093023256,0.003115197404,10,0.947674418605,0.00456327744727,16
direct,HumanEval/108,openrouter/openai/gpt-5-nano,1,0,13,0.921825396825,0.0555258920698,20,0.952621452621,0.0351111281885,33
direct,HumanEval/108,openrouter/xiaomi/mimo-v2-flash,0.290674603175,0,2,0.846053004535,0.0810782063764,28,0.809027777778,0.0948651364481,30
direct,HumanEval/109,openrouter/openai/gpt-5-nano,1,0,13,0.90404040404,0.0760381593715,12,0.953939393939,0.0387966942149,25
direct,HumanEval/109,openrouter/xiaomi/mimo-v2-flash,1,0,2,1,0,2,1,0,4
direct,HumanEval/110,openrouter/openai/gpt-5-nano,0.940875410587,0.0192264439026,13,0.93819265144,0.0431228297646,25,0.939110437464,0.0349493702585,38
direct,HumanEval/110,openrouter/xiaomi/mimo-v2-flash,1,0,2,0.857142857143,0.122448979592,21,0.869565217391,0.113421550095,23
direct,HumanEval/111,openrouter/openai/gpt-5-nano,1,0,6,0.999545454545,4.82093663912e-07,10,0.999715909091,3.49733126722e-07,16
direct,HumanEval/112,openrouter/openai/gpt-5-nano,0.923076923077,0.0710059171598,13,1,0,12,0.96,0.0384,25
direct,HumanEval/112,openrouter/xiaomi/mimo-v2-flash,1,0,2,1,0,2,1,0,4
direct,HumanEval/113,openrouter/openai/gpt-5-nano,1,0,14,1,0,12,1,0,26
direct,HumanEval/113,openrouter/xiaomi/mimo-v2-flash,1,0,2,1,0,2,1,0,4
direct,HumanEval/114,openrouter/openai/gpt-5-nano,1,0,6,1,0,10,1,0,16
direct,HumanEval/115,openrouter/openai/gpt-5-nano,0.537888910097,0.0802154805234,13,0.771815550041,0.0741339402202,12,0.65017369727,0.0909548707276,25
direct,HumanEval/115,openrouter/xiaomi/mimo-v2-flash,1,0,2,0.755583126551,0.0597396080266,2,0.877791563275,0.04480470602,4
direct,HumanEval/116,openrouter/openai/gpt-5-nano,1,0,6,0.9,0.09,10,0.9375,0.05859375,16
direct,HumanEval/117,openrouter/openai/gpt-5-nano,1,0,6,1,0,10,1,0,16
direct,HumanEval/118,openrouter/openai/gpt-5-nano,0.953527223024,0.0259166279986,13,0.868663891154,0.0620970245524,23,0.899308983218,0.0506934043028,36
direct,HumanEval/118,openrouter/xiaomi/mimo-v2-flash,1,0,2,1,0,22,1,0,24
direct,HumanEval/119,openrouter/openai/gpt-5-nano,1,0,6,1,0,10,1,0,16
direct,HumanEval/120,openrouter/openai/gpt-5-nano,1,0,6,1,0,10,1,0,16
direct,HumanEval/121,openrouter/openai/gpt-5-nano,1,0,6,1,0,10,1,0,16
direct,HumanEval/122,openrouter/openai/gpt-5-nano,1,0,13,1,0,12,1,0,25
direct,HumanEval/122,openrouter/xiaomi/mimo-v2-flash,1,0,2,1,0,2,1,0,4
direct,HumanEval/123,openrouter/openai/gpt-5-nano,1,0,6,1,0,10,1,0,16
direct,HumanEval/124,openrouter/openai/gpt-5-nano,0.997769230769,4.33136094675e-06,13,0.91275,0.0757498541667,12,0.95696,0.0381663584,25
direct,HumanEval/124,openrouter/xiaomi/mimo-v2-flash,0.988,0,2,1,0,2,0.994,3.6e-05,4
direct,HumanEval/125,openrouter/openai/gpt-5-nano,0.949650637074,0.012184708849,6,0.940320591862,0.0141002643978,10,0.943819358816,0.0134023333507,16
direct,HumanEval/126,openrouter/openai/gpt-5-nano,0.99543483223,3.3345210828e-05,13,0.996997315247,2.70782969124e-05,28,0.996501893802,2.95940123635e-05,41
direct,HumanEval/126,openrouter/xiaomi/mimo-v2-flash,1,0,2,0.990579812538,0.000144202389198,21,0.991398959274,0.000138708565442,23
direct,HumanEval/127,openrouter/openai/gpt-5-nano,0.763857947844,0.0304512140637,13,0.763458262351,0.0636436461202,20,0.763615714212,0.0505678776926,33
direct,HumanEval/127,openrouter/xiaomi/mimo-v2-flash,1,0,2,0.920053541008,0.0234352664533,28,0.92538330494,0.0222706047265,30
direct,HumanEval/128,openrouter/openai/gpt-5-nano,1,0,6,0.9,0.09,10,0.9375,0.05859375,16
direct,HumanEval/129,openrouter/openai/gpt-5-nano,0.35103475205,0.188670931421,13,0.728849407783,0.170937404268,12,0.532385786802,0.215787719343,25
direct,HumanEval/129,openrouter/xiaomi/mimo-v2-flash,1,0,2,1,0,2,1,0,4
direct,HumanEval/131,openrouter/openai/gpt-5-nano,1,0,13,1,0,24,1,0,37
direct,HumanEval/131,openrouter/xiaomi/mimo-v2-flash,1,0,2,1,0,13,1,0,15
direct,HumanEval/132,openrouter/openai/gpt-5-nano,0.961538461538,6.36206335497e-05,13,0.897293729373,0.0575970939668,30,0.916716555376,0.0410738212762,43
direct,HumanEval/132,openrouter/xiaomi/mimo-v2-flash,0.539603960396,0.182946769925,2,0.895910460611,0.021072725551,23,0.867405940594,0.0433664872071,25
direct,HumanEval/133,openrouter/openai/gpt-5-nano,1,0,6,1,0,10,1,0,16
direct,HumanEval/134,openrouter/openai/gpt-5-nano,0.989835989836,0.000126999433999,13,0.99032365699,7.30348856253e-05,12,0.99007007007,0.000101155810465,25
direct,HumanEval/134,openrouter/xiaomi/mimo-v2-flash,0.998498498498,2.25450675901e-06,2,0.98998998999,0.000100200300401,2,0.994244244244,6.93260828396e-05,4
direct,HumanEval/135,openrouter/openai/gpt-5-nano,1,0,7,1,0,10,1,0,17
direct,HumanEval/136,openrouter/openai/gpt-5-nano,1,0,6,1,0,10,1,0,16
direct,HumanEval/137,openrouter/openai/gpt-5-nano,1,0,6,0.977435387674,0.00325443956539,10,0.985897117296,0.0021533595087,16
direct,HumanEval/138,openrouter/openai/gpt-5-nano,1,0,6,1,0,10,1,0,16
direct,HumanEval/140,openrouter/openai/gpt-5-nano,0.877324037185,0.0302377530604,6,0.998605577689,1.74997222266e-05,10,0.953125,0.0147975663023,16
direct,HumanEval/141,openrouter/openai/gpt-5-nano,0.997001049633,2.69811099179e-06,13,0.958089668616,0.0367185081713,26,0.971060128955,0.0248163705006,39
direct,HumanEval/141,openrouter/xiaomi/mimo-v2-flash,1,0,2,1,0,14,1,0,16
direct,HumanEval/142,openrouter/openai/gpt-5-nano,1,0,6,1,0,10,1,0,16
direct,HumanEval/143,openrouter/openai/gpt-5-nano,1,0,6,1,0,10,1,0,16
direct,HumanEval/144,openrouter/openai/gpt-5-nano,1,0,6,0.999108910891,7.14635820018e-06,10,0.999443069307,4.65257695324e-06,16
direct,HumanEval/145,openrouter/openai/gpt-5-nano,0.036932252638,9.60510303899e-05,13,0.0395681466755,1.54772955181e-07,36,0.0388688278492,2.69509206763e-05,49
direct,HumanEval/145,openrouter/xiaomi/mimo-v2-flash,0.0397614314115,0,2,0.0372249263042,0.000103211961991,29,0.037388571795,9.69414335098e-05,31
direct,HumanEval/146,openrouter/openai/gpt-5-nano,1,0,14,1,0,12,1,0,26
direct,HumanEval/146,openrouter/xiaomi/mimo-v2-flash,1,0,2,1,0,2,1,0,4
direct,HumanEval/147,openrouter/openai/gpt-5-nano,1,0,6,0.9,0.09,10,0.9375,0.05859375,16
direct,HumanEval/148,openrouter/openai/gpt-5-nano,1,0,13,0.916666666667,0.0763888888889,12,0.96,0.0384,25
direct,HumanEval/148,openrouter/xiaomi/mimo-v2-flash,1,0,2,1,0,2,1,0,4
direct,HumanEval/149,openrouter/openai/gpt-5-nano,1,0,13,1,0,12,1,0,25
direct,HumanEval/149,openrouter/xiaomi/mimo-v2-flash,1,0,2,1,0,2,1,0,4
direct,HumanEval/150,openrouter/openai/gpt-5-nano,1,0,7,1,0,10,1,0,17
direct,HumanEval/151,openrouter/openai/gpt-5-nano,0.999668325041,5.50041390615e-07,6,0.9992039801,9.50471522982e-07,10,0.999378109453,8.50845276107e-07,16
direct,HumanEval/152,openrouter/openai/gpt-5-nano,1,0,6,1,0,10,1,0,16
direct,HumanEval/153,openrouter/openai/gpt-5-nano,1,0,13,1,0,22,1,0,35
direct,HumanEval/153,openrouter/xiaomi/mimo-v2-flash,1,0,2,0.941176470588,0.0553633217993,17,0.947368421053,0.0498614958449,19
direct,HumanEval/154,openrouter/openai/gpt-5-nano,1,0,6,1,0,10,1,0,16
direct,HumanEval/155,openrouter/openai/gpt-5-nano,1,0,13,1,0,12,1,0,25
direct,HumanEval/155,openrouter/xiaomi/mimo-v2-flash,1,0,2,1,0,2,1,0,4
direct,HumanEval/156,openrouter/openai/gpt-5-nano,1,0,6,1,0,10,1,0,16
direct,HumanEval/157,openrouter/openai/gpt-5-nano,1,0,6,1,0,10,1,0,16
direct,HumanEval/158,openrouter/openai/gpt-5-nano,1,0,14,1,0,12,1,0,26
direct,HumanEval/158,openrouter/xiaomi/mimo-v2-flash,1,0,2,1,0,2,1,0,4
direct,HumanEval/159,openrouter/openai/gpt-5-nano,0.514334952217,0.147419086649,13,0.644857433809,0.15415429617,20,0.593439486515,0.155568424589,33
direct,HumanEval/159,openrouter/xiaomi/mimo-v2-flash,1,0,2,1,0,28,1,0,30
direct,HumanEval/160,openrouter/openai/gpt-5-nano,0.349897889721,0.126789826137,13,0.429977876106,0.144253306347,20,0.398431214803,0.138904817905,33
direct,HumanEval/160,openrouter/xiaomi/mimo-v2-flash,0.154867256637,0,2,0.305783817952,0.104768719004,28,0.295722713864,0.0992012991533,30
direct,HumanEval/161,openrouter/openai/gpt-5-nano,1,0,7,0.9,0.09,10,0.941176470588,0.0553633217993,17
direct,HumanEval/162,openrouter/openai/gpt-5-nano,1,0,6,1,0,10,1,0,16
direct,HumanEval/163,openrouter/openai/gpt-5-nano,0,0,13,0,0,27,0,0,40
direct,HumanEval/163,openrouter/xiaomi/mimo-v2-flash,0,0,2,0,0,22,0,0,24
enc-dec,HumanEval/0,openrouter/openai/gpt-5-nano,1,0,18,1,0,31,1,0,49
enc-dec,HumanEval/0,openrouter/xiaomi/mimo-v2-flash,1,0,4,1,0,8,1,0,12
enc-dec,HumanEval/1,openrouter/openai/gpt-5-nano,0.395913154534,0.232222401642,18,0.454150702427,0.229618603498,90,0.444444444444,0.230523627075,108
enc-dec,HumanEval/1,openrouter/xiaomi/mimo-v2-flash,1,0,4,0.890063033,0.0731447925014,62,0.896725879485,0.0693998743849,66
enc-dec,HumanEval/2,openrouter/openai/gpt-5-nano,1,0,16,0.999822983785,8.77372727322e-07,29,0.999885922884,5.72597890685e-07,45
enc-dec,HumanEval/2,openrouter/xiaomi/mimo-v2-flash,1,0,4,1,0,8,1,0,12
enc-dec,HumanEval/3,openrouter/openai/gpt-5-nano,1,0,16,1,0,29,1,0,45
enc-dec,HumanEval/3,openrouter/xiaomi/mimo-v2-flash,1,0,4,1,0,8,1,0,12
enc-dec,HumanEval/4,openrouter/openai/gpt-5-nano,1,0,16,1,0,29,1,0,45
enc-dec,HumanEval/4,openrouter/xiaomi/mimo-v2-flash,1,0,4,1,0,8,1,0,12
enc-dec,HumanEval/5,openrouter/openai/gpt-5-nano,0.9375,0.05859375,16,1,0,29,0.977777777778,0.0217283950617,45
enc-dec,HumanEval/5,openrouter/xiaomi/mimo-v2-flash,1,0,4,1,0,8,1,0,12
enc-dec,HumanEval/6,openrouter/openai/gpt-5-nano,1,0,7,1,0,20,1,0,27
enc-dec,HumanEval/7,openrouter/openai/gpt-5-nano,1,0,7,1,0,20,1,0,27
enc-dec,HumanEval/8,openrouter/openai/gpt-5-nano,1,0,19,1,0,62,1,0,81
enc-dec,HumanEval/8,openrouter/xiaomi/mimo-v2-flash,1,0,4,1,0,39,1,0,43
enc-dec,HumanEval/9,openrouter/openai/gpt-5-nano,1,0,6,0.952910602911,0.0421308150466,20,0.963777386854,0.0328019425776,26
enc-dec,HumanEval/10,openrouter/openai/gpt-5-nano,0.941645408163,0.0510788758265,16,0.967804363125,0.0290236529468,29,0.958503401361,0.0370223055208,45
enc-dec,HumanEval/10,openrouter/xiaomi/mimo-v2-flash,0.534119897959,0.21704609977,4,0.883769132653,0.0945673016696,8,0.767219387755,0.162561253774,12
enc-dec,HumanEval/11,openrouter/openai/gpt-5-nano,1,0,6,1,0,20,1,0,26
enc-dec,HumanEval/12,openrouter/openai/gpt-5-nano,1,0,6,1,0,20,1,0,26
enc-dec,HumanEval/13,openrouter/openai/gpt-5-nano,1,0,6,1,0,20,1,0,26
enc-dec,HumanEval/16,openrouter/openai/gpt-5-nano,0.833333333333,0.138888888889,6,1,0,20,0.961538461538,0.0369822485207,26
enc-dec,HumanEval/17,openrouter/openai/gpt-5-nano,1,0,6,1,0,20,1,0,26
enc-dec,HumanEval/18,openrouter/openai/gpt-5-nano,1,0,6,1,0,20,1,0,26
enc-dec,HumanEval/19,openrouter/openai/gpt-5-nano,1,0,16,1,0,29,1,0,45
enc-dec,HumanEval/19,openrouter/xiaomi/mimo-v2-flash,1,0,4,1,0,8,1,0,12
enc-dec,HumanEval/20,openrouter/openai/gpt-5-nano,1,0,6,1,0,20,1,0,26
enc-dec,HumanEval/21,openrouter/openai/gpt-5-nano,0.751618525896,0.0793200300144,16,0.862927599945,0.0590116805612,29,0.823351040283,0.0690713531688,45
enc-dec,HumanEval/21,openrouter/xiaomi/mimo-v2-flash,0.574203187251,0.0604343085824,4,0.645169322709,0.075542885728,8,0.621513944223,0.0716258472088,12
enc-dec,HumanEval/22,openrouter/openai/gpt-5-nano,0.978294979079,0.00329775553212,16,0.988024816044,0.00193596791558,29,0.984565318457,0.00244185129207,45
enc-dec,HumanEval/22,openrouter/xiaomi/mimo-v2-flash,0.826359832636,0,4,0.891474895397,0.00706661899739,8,0.869769874477,0.00565329519791,12
enc-dec,HumanEval/23,openrouter/openai/gpt-5-nano,1,0,6,1,0,20,1,0,26
enc-dec,HumanEval/24,openrouter/openai/gpt-5-nano,1,0,7,1,0,20,1,0,27
enc-dec,HumanEval/25,openrouter/openai/gpt-5-nano,1,0,17,0.978918495298,0.0151133476971,88,0.982331691297,0.0127267301372,105
enc-dec,HumanEval/25,openrouter/xiaomi/mimo-v2-flash,1,0,4,0.951612903226,0.04604578564,62,0.954545454545,0.0433884297521,66
enc-dec,HumanEval/26,openrouter/openai/gpt-5-nano,1,0,6,1,0,20,1,0,26
enc-dec,HumanEval/27,openrouter/openai/gpt-5-nano,1,0,6,1,0,20,1,0,26
enc-dec,HumanEval/28,openrouter/openai/gpt-5-nano,1,0,7,1,0,20,1,0,27
enc-dec,HumanEval/29,openrouter/openai/gpt-5-nano,1,0,16,1,0,29,1,0,45
enc-dec,HumanEval/29,openrouter/xiaomi/mimo-v2-flash,1,0,4,1,0,8,1,0,12
enc-dec,HumanEval/30,openrouter/openai/gpt-5-nano,1,0,17,1,0,29,1,0,46
enc-dec,HumanEval/30,openrouter/xiaomi/mimo-v2-flash,1,0,4,1,0,8,1,0,12
enc-dec,HumanEval/31,openrouter/openai/gpt-5-nano,0.995807127883,2.19752207411e-05,6,0.996540880503,2.16565800403e-05,20,0.996371552975,2.18256852153e-05,26
enc-dec,HumanEval/33,openrouter/openai/gpt-5-nano,1,0,6,1,0,20,1,0,26
enc-dec,HumanEval/34,openrouter/openai/gpt-5-nano,1,0,6,1,0,20,1,0,26
enc-dec,HumanEval/35,openrouter/openai/gpt-5-nano,1,0,6,1,0,20,1,0,26
enc-dec,HumanEval/36,openrouter/openai/gpt-5-nano,1,0,6,1,0,20,1,0,26
enc-dec,HumanEval/37,openrouter/openai/gpt-5-nano,1,0,6,1,0,20,1,0,26
enc-dec,HumanEval/38,openrouter/openai/gpt-5-nano,0.941925814912,0.0539617755783,17,0.988781123335,0.0109500978448,88,0.981195025781,0.0182117933519,105
enc-dec,HumanEval/38,openrouter/xiaomi/mimo-v2-flash,1,0,4,1,0,62,1,0,66
enc-dec,HumanEval/39,openrouter/openai/gpt-5-nano,0.833333333333,0.138888888889,6,0.8,0.16,20,0.807692307692,0.155325443787,26
enc-dec,HumanEval/40,openrouter/openai/gpt-5-nano,0.99721659919,0.000116209801013,16,0.995392991763,0.000183945882412,29,0.996041385515,0.000160623943563,45
enc-dec,HumanEval/40,openrouter/xiaomi/mimo-v2-flash,1,0,4,1,0,8,1,0,12
enc-dec,HumanEval/41,openrouter/openai/gpt-5-nano,1,0,6,1,0,20,1,0,26
enc-dec,HumanEval/42,openrouter/openai/gpt-5-nano,1,0,6,1,0,20,1,0,26
enc-dec,HumanEval/43,openrouter/openai/gpt-5-nano,1,0,6,0.996286876907,0.000261958378911,20,0.997143751467,0.000203953892021,26
enc-dec,HumanEval/44,openrouter/openai/gpt-5-nano,1,0,6,1,0,20,1,0,26
enc-dec,HumanEval/45,openrouter/openai/gpt-5-nano,1,0,6,1,0,20,1,0,26
enc-dec,HumanEval/46,openrouter/openai/gpt-5-nano,0.755208333333,0.179821788553,16,0.801652892562,0.152672835606,88,0.794507575758,0.157130403135,104
enc-dec,HumanEval/46,openrouter/xiaomi/mimo-v2-flash,1,0,4,0.983870967742,0.0158688865765,62,0.984848484848,0.0149219467401,66
enc-dec,HumanEval/47,openrouter/openai/gpt-5-nano,0.9870625,0.00251068359375,16,0.965517241379,0.0332936979786,29,0.973177777778,0.0224549906173,45
enc-dec,HumanEval/47,openrouter/xiaomi/mimo-v2-flash,1,0,4,1,0,8,1,0,12
enc-dec,HumanEval/48,openrouter/openai/gpt-5-nano,0.4375,0.24609375,16,0.551724137931,0.247324613555,29,0.511111111111,0.24987654321,45
enc-dec,HumanEval/48,openrouter/xiaomi/mimo-v2-flash,1,0,4,1,0,8,1,0,12
enc-dec,HumanEval/49,openrouter/openai/gpt-5-nano,0.999831479609,1.41995610859e-07,6,0.999949443883,4.85624989137e-08,20,0.999922221358,7.25942057882e-08,26
enc-dec,HumanEval/50,openrouter/openai/gpt-5-nano,0.833333333333,0.138888888889,6,0.95,0.0475,20,0.923076923077,0.0710059171598,26
enc-dec,HumanEval/51,openrouter/openai/gpt-5-nano,1,0,16,1,0,29,1,0,45
enc-dec,HumanEval/51,openrouter/xiaomi/mimo-v2-flash,1,0,4,1,0,8,1,0,12
enc-dec,HumanEval/52,openrouter/openai/gpt-5-nano,1,0,6,1,0,20,1,0,26
enc-dec,HumanEval/53,openrouter/openai/gpt-5-nano,0.857142857143,0.122448979592,7,1,0,20,0.962962962963,0.0356652949246,27
enc-dec,HumanEval/54,openrouter/openai/gpt-5-nano,1,0,16,1,0,88,1,0,104
enc-dec,HumanEval/54,openrouter/xiaomi/mimo-v2-flash,1,0,4,1,0,62,1,0,66
enc-dec,HumanEval/55,openrouter/openai/gpt-5-nano,0.833333333333,0.12037037037,16,0.929292929293,0.0578512396694,88,0.91452991453,0.0686682737965,104
enc-dec,HumanEval/55,openrouter/xiaomi/mimo-v2-flash,1,0,4,0.885304659498,0.0887963926465,62,0.892255892256,0.0841637474634,66
enc-dec,HumanEval/56,openrouter/openai/gpt-5-nano,1,0,6,1,0,20,1,0,26
enc-dec,HumanEval/57,openrouter/openai/gpt-5-nano,1,0,6,1,0,20,1,0,26
enc-dec,HumanEval/58,openrouter/openai/gpt-5-nano,1,0,7,1,0,20,1,0,27
enc-dec,HumanEval/59,openrouter/openai/gpt-5-nano,1,0,6,1,0,20,1,0,26
enc-dec,HumanEval/60,openrouter/openai/gpt-5-nano,0.941176470588,0.0553633217993,17,1,0,29,0.978260869565,0.0212665406427,46
enc-dec,HumanEval/60,openrouter/xiaomi/mimo-v2-flash,1,0,4,1,0,8,1,0,12
enc-dec,HumanEval/61,openrouter/openai/gpt-5-nano,1,0,16,1,0,29,1,0,45
enc-dec,HumanEval/61,openrouter/xiaomi/mimo-v2-flash,1,0,4,1,0,8,1,0,12
enc-dec,HumanEval/62,openrouter/openai/gpt-5-nano,0.882352941176,0.103806228374,17,0.96591525853,0.0325295488297,29,0.935033532552,0.0604977979876,46
enc-dec,HumanEval/62,openrouter/xiaomi/mimo-v2-flash,0.75,0.1875,4,0.875,0.109375,8,0.833333333333,0.138888888889,12
enc-dec,HumanEval/63,openrouter/openai/gpt-5-nano,0.851282051282,0.110585141354,6,0.774615384615,0.152432544379,20,0.792307692308,0.143818843878,26
enc-dec,HumanEval/64,openrouter/openai/gpt-5-nano,1,0,16,1,0,29,1,0,45
enc-dec,HumanEval/64,openrouter/xiaomi/mimo-v2-flash,1,0,4,1,0,8,1,0,12
enc-dec,HumanEval/65,openrouter/openai/gpt-5-nano,0.877465879969,0.0409192764884,17,0.884409082782,0.0219226285744,68,0.883020442219,0.0257296714477,85
enc-dec,HumanEval/65,openrouter/xiaomi/mimo-v2-flash,0.75,0.1875,4,0.882368222794,0.0640866949491,39,0.870054899743,0.0770452771601,43
enc-dec,HumanEval/66,openrouter/openai/gpt-5-nano,1,0,16,1,0,29,1,0,45
enc-dec,HumanEval/66,openrouter/xiaomi/mimo-v2-flash,1,0,4,1,0,8,1,0,12
enc-dec,HumanEval/67,openrouter/openai/gpt-5-nano,0.875,0.109375,16,0.931133856703,0.0640245100407,29,0.911175152097,0.0808711378677,45
enc-dec,HumanEval/67,openrouter/xiaomi/mimo-v2-flash,0.75,0.1875,4,0.904178674352,0.0642720851431,8,0.852785782901,0.110630515345,12
enc-dec,HumanEval/68,openrouter/openai/gpt-5-nano,1,0,6,0.999950347567,4.68419178955e-08,20,0.999961805821,3.64698831326e-08,26
enc-dec,HumanEval/69,openrouter/openai/gpt-5-nano,1,0,16,0.904524810765,0.0790011019147,29,0.938471544715,0.0530005113358,45
enc-dec,HumanEval/69,openrouter/xiaomi/mimo-v2-flash,1,0,4,0.996829268293,7.03747769185e-05,8,0.997886178862,4.91506378478e-05,12
enc-dec,HumanEval/70,openrouter/openai/gpt-5-nano,1,0,6,1,0,20,1,0,26
enc-dec,HumanEval/71,openrouter/openai/gpt-5-nano,1,0,6,1,0,20,1,0,26
enc-dec,HumanEval/72,openrouter/openai/gpt-5-nano,1,0,16,1,0,29,1,0,45
enc-dec,HumanEval/72,openrouter/xiaomi/mimo-v2-flash,1,0,4,1,0,8,1,0,12
enc-dec,HumanEval/73,openrouter/openai/gpt-5-nano,1,0,17,1,0,29,1,0,46
enc-dec,HumanEval/73,openrouter/xiaomi/mimo-v2-flash,1,0,4,1,0,8,1,0,12
enc-dec,HumanEval/74,openrouter/openai/gpt-5-nano,1,0,6,1,0,20,1,0,26
enc-dec,HumanEval/75,openrouter/openai/gpt-5-nano,1,0,6,1,0,20,1,0,26
enc-dec,HumanEval/76,openrouter/openai/gpt-5-nano,0.937292588496,0.0585680099799,16,0.999396621078,7.95130526605e-06,88,0.989842154527,0.00951927417229,104
enc-dec,HumanEval/76,openrouter/xiaomi/mimo-v2-flash,0.999723451327,2.29437504895e-07,4,0.931558664002,0.0601091717478,62,0.935689863234,0.0567307410571,66
enc-dec,HumanEval/77,openrouter/openai/gpt-5-nano,1,0,6,0.999695121951,1.76606186794e-06,20,0.999765478424,1.37500924006e-06,26
enc-dec,HumanEval/78,openrouter/openai/gpt-5-nano,1,0,6,1,0,20,1,0,26
enc-dec,HumanEval/79,openrouter/openai/gpt-5-nano,1,0,16,1,0,62,1,0,78
enc-dec,HumanEval/79,openrouter/xiaomi/mimo-v2-flash,1,0,4,0.942857142857,0.0538775510204,35,0.948717948718,0.0486522024984,39
enc-dec,HumanEval/80,openrouter/openai/gpt-5-nano,1,0,6,1,0,20,1,0,26
enc-dec,HumanEval/81,openrouter/openai/gpt-5-nano,0.387239065606,0.175890848837,16,0.698310139165,0.188509783743,64,0.636095924453,0.201468430811,80
enc-dec,HumanEval/81,openrouter/xiaomi/mimo-v2-flash,0.387673956262,0.142718737278,4,0.757161575999,0.164477691035,44,0.726370941021,0.173093140115,48
enc-dec,HumanEval/82,openrouter/openai/gpt-5-nano,1,0,6,1,0,20,1,0,26
enc-dec,HumanEval/84,openrouter/openai/gpt-5-nano,1,0,6,1,0,20,1,0,26
enc-dec,HumanEval/85,openrouter/openai/gpt-5-nano,1,0,6,1,0,20,1,0,26
enc-dec,HumanEval/86,openrouter/openai/gpt-5-nano,0.982107355865,0.00160073357074,6,0.896123260437,0.0895102051706,20,0.915965743998,0.0705358178783,26
enc-dec,HumanEval/87,openrouter/openai/gpt-5-nano,1,0,6,0.988679245283,0.00243503025988,20,0.991291727141,0.00189585040476,26
enc-dec,HumanEval/88,openrouter/openai/gpt-5-nano,1,0,6,1,0,20,1,0,26
enc-dec,HumanEval/89,openrouter/openai/gpt-5-nano,1,0,16,1,0,88,1,0,104
enc-dec,HumanEval/89,openrouter/xiaomi/mimo-v2-flash,1,0,4,1,0,62,1,0,66
enc-dec,HumanEval/90,openrouter/openai/gpt-5-nano,0.99984885127,3.42689080299e-07,16,0.999916607597,1.94720200363e-07,29,0.999892516458,2.4838330179e-07,45
enc-dec,HumanEval/90,openrouter/xiaomi/mimo-v2-flash,1,0,4,1,0,8,1,0,12
enc-dec,HumanEval/91,openrouter/openai/gpt-5-nano,1,0,16,1,0,29,1,0,45
enc-dec,HumanEval/91,openrouter/xiaomi/mimo-v2-flash,1,0,4,1,0,8,1,0,12
enc-dec,HumanEval/92,openrouter/openai/gpt-5-nano,1,0,6,1,0,20,1,0,26
enc-dec,HumanEval/93,openrouter/openai/gpt-5-nano,1,0,6,1,0,20,1,0,26
enc-dec,HumanEval/94,openrouter/openai/gpt-5-nano,1,0,16,0.898943986877,0.0885344149508,29,0.934875013765,0.0593955194887,45
enc-dec,HumanEval/94,openrouter/xiaomi/mimo-v2-flash,1,0,4,1,0,8,1,0,12
enc-dec,HumanEval/95,openrouter/openai/gpt-5-nano,0.945615310078,0.00393815949218,16,0.952894473618,0.0152756925556,62,0.951401311866,0.0129586841843,78
enc-dec,HumanEval/95,openrouter/xiaomi/mimo-v2-flash,0.557170542636,0.19609792831,4,0.914987080103,0.0645080256929,30,0.872891016872,0.0932797797536,34
enc-dec,HumanEval/96,openrouter/openai/gpt-5-nano,1,0,6,1,0,20,1,0,26
enc-dec,HumanEval/97,openrouter/openai/gpt-5-nano,1,0,6,1,0,20,1,0,26
enc-dec,HumanEval/98,openrouter/openai/gpt-5-nano,1,0,6,1,0,20,1,0,26
enc-dec,HumanEval/99,openrouter/openai/gpt-5-nano,0.93574929972,0.0583885208495,16,0.940787426082,0.0522156151253,54,0.939635854342,0.0536310406516,70
enc-dec,HumanEval/99,openrouter/xiaomi/mimo-v2-flash,0.995098039216,7.20876585928e-05,4,0.97556022409,0.0205292852435,40,0.977336389101,0.01870108763,44
enc-dec,HumanEval/101,openrouter/openai/gpt-5-nano,1,0,6,1,0,20,1,0,26
enc-dec,HumanEval/102,openrouter/openai/gpt-5-nano,1,0,16,1,0,49,1,0,65
enc-dec,HumanEval/102,openrouter/xiaomi/mimo-v2-flash,1,0,4,1,0,31,1,0,35
enc-dec,HumanEval/103,openrouter/openai/gpt-5-nano,0.861842105263,0.0572628116343,16,0.847549909256,0.0610077041907,29,0.852631578947,0.0597229916898,45
enc-dec,HumanEval/103,openrouter/xiaomi/mimo-v2-flash,0.447368421053,0,4,0.585526315789,0.0572628116343,8,0.539473684211,0.0424168975069,12
enc-dec,HumanEval/104,openrouter/openai/gpt-5-nano,0.951645064806,0.0116909987883,6,0.960019940179,0.0303696984818,20,0.958087276632,0.0260716799497,26
enc-dec,HumanEval/105,openrouter/openai/gpt-5-nano,0.710036556996,0.168529445451,6,0.904835493519,0.081740369619,20,0.859881892783,0.108504705285,26
enc-dec,HumanEval/106,openrouter/openai/gpt-5-nano,0.676282051282,0.209586620644,6,0.708653846154,0.198059356509,20,0.701183431953,0.200905518014,26
enc-dec,HumanEval/107,openrouter/openai/gpt-5-nano,1,0,6,1,0,20,1,0,26
enc-dec,HumanEval/108,openrouter/openai/gpt-5-nano,0.474888392857,0.104463365343,16,0.575836489899,0.128785549343,88,0.560306013431,0.126370251228,104
enc-dec,HumanEval/108,openrouter/xiaomi/mimo-v2-flash,0.663938492063,0.113629345691,4,0.646265360983,0.156085374257,62,0.647336459836,0.153530064034,66
enc-dec,HumanEval/109,openrouter/openai/gpt-5-nano,1,0,16,1,0,29,1,0,45
enc-dec,HumanEval/109,openrouter/xiaomi/mimo-v2-flash,1,0,4,0.995689655172,0.000130053507729,8,0.997126436782,9.0831021271e-05,12
enc-dec,HumanEval/110,openrouter/openai/gpt-5-nano,1,0,16,1,0,54,1,0,70
enc-dec,HumanEval/110,openrouter/xiaomi/mimo-v2-flash,0.75,0.1875,4,0.896551724138,0.0927467300832,29,0.878787878788,0.106519742883,33
enc-dec,HumanEval/111,openrouter/openai/gpt-5-nano,1,0,6,1,0,20,1,0,26
enc-dec,HumanEval/112,openrouter/openai/gpt-5-nano,1,0,16,0.98658431978,0.00503945332112,29,0.991354339414,0.00328888766657,45
enc-dec,HumanEval/112,openrouter/xiaomi/mimo-v2-flash,1,0,4,1,0,8,1,0,12
enc-dec,HumanEval/113,openrouter/openai/gpt-5-nano,0.118482281351,0.103609854911,17,0.107085402532,0.0922032407855,29,0.11129729253,0.0964489909971,46
enc-dec,HumanEval/113,openrouter/xiaomi/mimo-v2-flash,0.00101419878296,0,4,0.00101419878296,0,8,0.00101419878296,0,12
enc-dec,HumanEval/114,openrouter/openai/gpt-5-nano,1,0,6,1,0,20,1,0,26
enc-dec,HumanEval/115,openrouter/openai/gpt-5-nano,1,0,16,1,0,29,1,0,45
enc-dec,HumanEval/115,openrouter/xiaomi/mimo-v2-flash,1,0,4,0.875,0.109375,8,0.916666666667,0.0763888888889,12
enc-dec,HumanEval/116,openrouter/openai/gpt-5-nano,0.999771062271,2.62062418656e-07,6,0.949862637363,0.0474864335527,20,0.961379966188,0.0369702491633,26
enc-dec,HumanEval/117,openrouter/openai/gpt-5-nano,1,0,6,1,0,20,1,0,26
enc-dec,HumanEval/118,openrouter/openai/gpt-5-nano,0.888820335637,0.0308836647521,16,0.9076011846,0.0437547551459,60,0.903647321661,0.0411036757757,76
enc-dec,HumanEval/118,openrouter/xiaomi/mimo-v2-flash,0.797630799605,0.0409532932685,4,0.744438577561,0.0387312425465,43,0.748965575182,0.0391406606014,47
enc-dec,HumanEval/119,openrouter/openai/gpt-5-nano,1,0,6,1,0,20,1,0,26
enc-dec,HumanEval/120,openrouter/openai/gpt-5-nano,0.398944939004,0.0889883770012,6,0.520425321464,0.0768689103345,20,0.49239138705,0.0822853819302,26
enc-dec,HumanEval/121,openrouter/openai/gpt-5-nano,1,0,6,1,0,20,1,0,26
enc-dec,HumanEval/122,openrouter/openai/gpt-5-nano,0.944092039801,0.0155961756825,16,0.938033968091,0.0111601810165,29,0.940187949143,0.0127458329017,45
enc-dec,HumanEval/122,openrouter/xiaomi/mimo-v2-flash,0.627860696517,0,4,0.767412935323,0.0324580455929,8,0.720895522388,0.0259664364743,12
enc-dec,HumanEval/123,openrouter/openai/gpt-5-nano,1,0,6,0.902517985612,0.0855880906785,20,0.925013835086,0.0675238703082,26
enc-dec,HumanEval/124,openrouter/openai/gpt-5-nano,0.997875,7.609375e-06,16,0.999310344828,9.0368608799e-07,29,0.9988,3.76e-06,45
enc-dec,HumanEval/124,openrouter/xiaomi/mimo-v2-flash,0.9945,1.225e-05,4,0.993625,1.1484375e-05,8,0.993916666667,1.19097222222e-05,12
enc-dec,HumanEval/125,openrouter/openai/gpt-5-nano,1,0,6,1,0,20,1,0,26
enc-dec,HumanEval/126,openrouter/openai/gpt-5-nano,1,0,16,1,0,48,1,0,64
enc-dec,HumanEval/126,openrouter/xiaomi/mimo-v2-flash,1,0,4,1,0,30,1,0,34
enc-dec,HumanEval/127,openrouter/openai/gpt-5-nano,0.873189948893,0.108971631498,16,0.998218987146,0.000137451628695,88,0.978983750491,0.018916140419,104
enc-dec,HumanEval/127,openrouter/xiaomi/mimo-v2-flash,1,0,4,0.966038357971,0.0108465443335,62,0.968096639306,0.0102548441021,66
enc-dec,HumanEval/128,openrouter/openai/gpt-5-nano,1,0,6,1,0,20,1,0,26
enc-dec,HumanEval/129,openrouter/openai/gpt-5-nano,1,0,16,0.928758970768,0.0606586683299,29,0.954089114495,0.0402540711411,45
enc-dec,HumanEval/129,openrouter/xiaomi/mimo-v2-flash,1,0,4,1,0,8,1,0,12
enc-dec,HumanEval/131,openrouter/openai/gpt-5-nano,1,0,16,1,0,51,1,0,67
enc-dec,HumanEval/131,openrouter/xiaomi/mimo-v2-flash,1,0,4,1,0,32,1,0,36
enc-dec,HumanEval/132,openrouter/openai/gpt-5-nano,0.959282178218,0.00762656541025,16,0.919986574929,0.0266092049658,59,0.928369636964,0.022818716945,75
enc-dec,HumanEval/132,openrouter/xiaomi/mimo-v2-flash,0.756930693069,0.154407165964,4,0.768638613861,0.107138240736,40,0.767574257426,0.111446744303,44
enc-dec,HumanEval/133,openrouter/openai/gpt-5-nano,1,0,6,1,0,20,1,0,26
enc-dec,HumanEval/134,openrouter/openai/gpt-5-nano,1,0,16,0.998860929895,2.14030701117e-05,29,0.999265932599,1.40903889097e-05,45
enc-dec,HumanEval/134,openrouter/xiaomi/mimo-v2-flash,0.704204204204,0.087499661824,4,0.925675675676,0.0386687363039,8,0.851851851852,0.0658456254052,12
enc-dec,HumanEval/135,openrouter/openai/gpt-5-nano,1,0,7,0.919199178645,0.0600577120113,20,0.940147539737,0.0457410050323,27
enc-dec,HumanEval/136,openrouter/openai/gpt-5-nano,1,0,6,1,0,20,1,0,26
enc-dec,HumanEval/137,openrouter/openai/gpt-5-nano,1,0,6,1,0,20,1,0,26
enc-dec,HumanEval/138,openrouter/openai/gpt-5-nano,1,0,6,1,0,20,1,0,26
enc-dec,HumanEval/140,openrouter/openai/gpt-5-nano,0.941733067729,0.0169751769813,6,0.859113545817,0.0372791180894,20,0.878179589335,0.0338053066031,26
enc-dec,HumanEval/141,openrouter/openai/gpt-5-nano,0.965155945419,0.0174136557687,16,0.981934001671,0.0175332053156,56,0.978205544726,0.0175552936188,72
enc-dec,HumanEval/141,openrouter/xiaomi/mimo-v2-flash,0.75,0.1875,4,0.921052631579,0.0727146814404,38,0.904761904762,0.0861678004535,42
enc-dec,HumanEval/142,openrouter/openai/gpt-5-nano,1,0,6,1,0,20,1,0,26
enc-dec,HumanEval/143,openrouter/openai/gpt-5-nano,1,0,6,1,0,20,1,0,26
enc-dec,HumanEval/144,openrouter/openai/gpt-5-nano,1,0,6,0.941089108911,0.0481175865111,20,0.954683929931,0.0376295919474,26
enc-dec,HumanEval/145,openrouter/openai/gpt-5-nano,0.316227634195,0.161408521411,16,0.485120526839,0.219815487318,64,0.45134194831,0.212698063606,80
enc-dec,HumanEval/145,openrouter/xiaomi/mimo-v2-flash,0.528081510934,0.222841566407,4,0.907032803181,0.0777875978473,40,0.872582685704,0.102842428204,44
enc-dec,HumanEval/146,openrouter/openai/gpt-5-nano,0.941176470588,0.0553633217993,17,1,0,29,0.978260869565,0.0212665406427,46
enc-dec,HumanEval/146,openrouter/xiaomi/mimo-v2-flash,1,0,4,1,0,8,1,0,12
enc-dec,HumanEval/147,openrouter/openai/gpt-5-nano,0.511594202899,0.238573829028,6,0.709565217391,0.175065406427,20,0.663879598662,0.196678448787,26
enc-dec,HumanEval/148,openrouter/openai/gpt-5-nano,0.998717948718,3.61604207758e-06,16,0.999045092838,5.7988009328e-06,29,0.998928774929,5.04723175948e-06,45
enc-dec,HumanEval/148,openrouter/xiaomi/mimo-v2-flash,0.756923076923,0.177259171598,4,0.878461538462,0.103401183432,8,0.837948717949,0.131303090072,12
enc-dec,HumanEval/149,openrouter/openai/gpt-5-nano,0.897312373225,0.0456939110015,16,0.867804434497,0.0549235265503,29,0.878296146045,0.0518413982366,45
enc-dec,HumanEval/149,openrouter/xiaomi/mimo-v2-flash,0.7261663286,0.0749848795922,4,0.765593306288,0.0963734261147,8,0.752450980392,0.0895893520671,12
enc-dec,HumanEval/150,openrouter/openai/gpt-5-nano,1,0,7,0.99181547619,0.00127274216978,20,0.993937389771,0.000955636312595,27
enc-dec,HumanEval/151,openrouter/openai/gpt-5-nano,0.999668325041,5.50041390615e-07,6,0.949701492537,0.0474706541917,20,0.961232300038,0.0369592131778,26
enc-dec,HumanEval/152,openrouter/openai/gpt-5-nano,1,0,6,1,0,20,1,0,26
enc-dec,HumanEval/153,openrouter/openai/gpt-5-nano,1,0,16,1,0,48,1,0,64
enc-dec,HumanEval/153,openrouter/xiaomi/mimo-v2-flash,0.75,0.1875,4,0.947368421053,0.0498614958449,38,0.928571428571,0.0663265306122,42
enc-dec,HumanEval/154,openrouter/openai/gpt-5-nano,1,0,6,0.995626242545,0.000177009513496,20,0.996635571188,0.000139556978596,26
enc-dec,HumanEval/155,openrouter/openai/gpt-5-nano,1,0,16,0.964164976335,0.0177817275986,29,0.976906318083,0.0117535800571,45
enc-dec,HumanEval/155,openrouter/xiaomi/mimo-v2-flash,0.7,0.09,4,0.625,0.084375,8,0.65,0.0875,12
enc-dec,HumanEval/156,openrouter/openai/gpt-5-nano,0.424528301887,0.201613860211,6,0.302830188679,0.175079209683,20,0.33091436865,0.183831661123,26
enc-dec,HumanEval/157,openrouter/openai/gpt-5-nano,1,0,6,1,0,20,1,0,26
enc-dec,HumanEval/158,openrouter/openai/gpt-5-nano,1,0,17,1,0,29,1,0,46
enc-dec,HumanEval/158,openrouter/xiaomi/mimo-v2-flash,1,0,4,1,0,8,1,0,12
enc-dec,HumanEval/159,openrouter/openai/gpt-5-nano,1,0,16,1,0,88,1,0,104
enc-dec,HumanEval/159,openrouter/xiaomi/mimo-v2-flash,1,0,4,0.959299651797,0.0349276922099,62,0.961766339567,0.0329051728816,66
enc-dec,HumanEval/160,openrouter/openai/gpt-5-nano,0.6875,0.21484375,16,0.627363234111,0.231484676518,88,0.636615044248,0.229395311926,104
enc-dec,HumanEval/160,openrouter/xiaomi/mimo-v2-flash,1,0,4,0.875249785898,0.105682858883,62,0.882810404934,0.100163863016,66
enc-dec,HumanEval/161,openrouter/openai/gpt-5-nano,1,0,7,0.95,0.0475,20,0.962962962963,0.0356652949246,27
enc-dec,HumanEval/162,openrouter/openai/gpt-5-nano,1,0,6,1,0,20,1,0,26
enc-dec,HumanEval/163,openrouter/openai/gpt-5-nano,0.933696754564,0.0583353144582,16,0.980153521855,0.017423955861,51,0.969059368472,0.0275861508036,67
enc-dec,HumanEval/163,openrouter/xiaomi/mimo-v2-flash,0.480223123732,0.231396498237,4,0.404761904762,0.240929705215,42,0.41132374989,0.240552837716,46
